{
  "totalProjects": 7275,
  "totalContractors": 2017,
  "totalProvinces": 84,
  "globalAvgDelay": 261.25773195876286,
  "totalSavings": 7383652775.989996
}