{
  "totalProjects": 7383,
  "totalContractors": 2013,
  "totalProvinces": 84,
  "globalAvgDelay": 260.95313558174183,
  "totalSavings": 7383647679.479997
}